{
  "model_name": "ai_vit_b16",
  "n_val_samples": 1000,
  "evaluated_at": "2025-12-07T22:38:24.286994Z",
  "metrics": {
    "name": "AI detector (ai_vit_b16, positive = ai_generated)",
    "threshold": 0.5,
    "accuracy": 0.883,
    "precision": 0.8333333333333334,
    "recall": 0.8888888888888888,
    "f1": 0.8602150537634409,
    "roc_auc": 0.9464135283743127,
    "confusion_matrix": [
      [
        523,
        72
      ],
      [
        45,
        360
      ]
    ]
  }
}