{
  "model_name": "mvss_net",
  "n_val_samples": 1037,
  "evaluated_at": "2025-12-20T11:00:00.000000Z",
  "metrics": {
    "name": "Manipulation detector (MVSS-Net, positive = manipulated)",
    "threshold": 0.5664,
    "accuracy": 0.7377049180327869,
    "precision": 0.6231060606060606,
    "recall": 0.818407960199005,
    "specificity": 0.6866141732283465,
    "f1": 0.7075268817204301,
    "roc_auc": 0.7715360206839816,
    "confusion_matrix": [
      [
        436,
        199
      ],
      [
        73,
        329
      ]
    ]
  }
}