{
    "auc_score": 0.6795665634674922,
    "accuracy": 0.6944444444444444,
    "specificity": 0.6470588235294118,
    "recall": 0.7368421052631579,
    "precision": 0.7,
    "f1_score": 0.717948717948718
}