{
    "auc_score": 0.7715360206839816,
    "accuracy": 0.7377049180327869,
    "specificity": 0.6866141732283465,
    "recall": 0.818407960199005,
    "precision": 0.6231060606060606,
    "f1_score": 0.7075268817204301
}