{
  "model_name": "mvssnetplus_casia",
  "evaluated_at": "2025-12-07T21:15:59.823200Z",
  "device": "cpu",
  "max_per_class": 200,
  "total_images": 400,
  "stats_overall": {
    "mean": 0.5832630395889282,
    "std": 0.3147749602794647,
    "min": 0.018780432641506195,
    "max": 0.9999966621398926,
    "p50": 0.5932806730270386,
    "p90": 0.9931077361106873
  },
  "stats_by_class": {
    "manipulated": {
      "count": 200,
      "mean": 0.6216831189673394,
      "std": 0.3284115746664369,
      "min": 0.018780432641506195,
      "max": 0.9999966621398926
    },
    "real": {
      "count": 200,
      "mean": 0.5448430113960058,
      "std": 0.2955675818056188,
      "min": 0.029363790526986122,
      "max": 0.999992847442627
    }
  }
}